{
    "train_MSE": 3409.7148151329175,
    "test_MSE": 2487.1626145854993,
    "validation_MSE": 3372.2573566308047
}
